ID,sal_mean,temp_mean,vel_mean,sam_ef,pH,SurveyID,Dive,slope,tpi20km,Ox,mud,plancurv,profcur,aspect2000
153081,33.87648010253906,7.577877521514893,0.05190164595842361,115,7.94762659072876,1507Auster,5,1.5115691423416138,-46.32246017456055,226.16021728515625,1,-5.424804840004072e-6,7.178710802691057e-6,100.90230560302734
158158,33.74702835083008,7.532241344451904,0.03543496876955032,239,7.954918384552002,1407Auster,11,1.4317705631256104,-20.115081787109375,230.0421142578125,1,-4.497070221987087e-6,-4.852538950217422e-6,190.5582733154297
161064,33.82362365722656,7.59504508972168,0.02192133106291294,445,7.934057712554932,1407Auster,12,2.2051146030426025,-17.920616149902344,215.52435302734375,1,-1.256640643987339e-5,-3.8028319977456704e-5,114.0645751953125
163968,33.78596115112305,7.583449363708496,0.02388184517621994,12,7.931199550628662,1407Auster,16,1.157054424285889,-15.62150764465332,214.46156311035156,1,2.0851563022006303e-5,1.4482421647699084e-5,144.43289184570313
163969,33.84689712524414,7.623912811279297,0.01851781085133552,130,7.929915428161621,1407Auster,16,1.0791977643966677,-16.488405227661133,213.67002868652344,1,-2.35546872318082e-6,2.900391109506018e-7,127.3664321899414
165423,33.91913604736328,7.681121349334717,0.01800519414246082,1467,7.925535202026367,HB1903,R2115,1.5795319080352783,-17.683582305908203,211.3204040527344,1,-4.917382830171846e-5,9.105468961934092e-6,118.46431732177734
165425,33.89857482910156,7.660045623779297,0.01486644148826599,557,7.923247337341309,1407Auster,13,0.9286928176879884,-19.010089874267575,209.93165588378903,1,-1.1745117262762506e-5,1.184472694149008e-5,81.21260833740234
166150,33.92368698120117,7.685785293579102,0.01869979500770569,5696,7.923412322998047,HB1903,R2115,1.6493386030197144,-18.281169891357425,210.18740844726565,1,-2.305761699972209e-5,1.5195315654636945e-6,44.89914321899414
166877,33.92409133911133,7.686086654663086,0.01881248503923416,17419,7.921776294708252,1407Auster,10,1.3417598009109497,-18.87875747680664,209.35824584960935,1,2.254199171147775e-5,-1.5205077943392098e-6,99.31986236572266
174847,33.670555114746094,7.372568130493164,0.06957487761974335,73,7.973242282867432,1507Auster,9,1.022992491722107,3.2528581619262695,240.5094451904297,1,-1.591406180523336e-5,5.25683572050184e-6,259.5205078125
177078,34.16051483154297,7.982079982757568,0.02619542740285396,2337,7.926728248596191,HB1702,R2014,1.2166775465011597,-12.545344352722168,213.89222717285156,0.8490787744522095,-4.722265657619573e-5,1.4047852346266154e-5,337.2860412597656
177079,34.15312576293945,7.978219985961914,0.03181891143321991,2157,7.928071022033691,HB1702,R2014,1.385326266288757,-11.135860443115234,214.4998321533203,0.8853152394294739,3.445019683567807e-5,-1.9943359802709892e-5,304.2856140136719
177805,34.17438888549805,7.989551544189453,0.01628313399851322,4493,7.926716327667236,HB1702,R2014,0.9819393754005432,-12.63431167602539,213.84158325195313,1,2.9283202820806764e-5,-5.236327979218913e-6,223.703857421875
217775,34.292301177978516,7.914451599121094,0.0080798165872693,1954,7.890905857086182,HB1903,R2116,0.10267633199691772,-7.397830486297607,192.99468994140625,1,2.4237986053776694e-6,-1.8222359585706729e-6,353.1609802246094
217776,34.309730529785156,7.938713073730469,0.02073701098561287,11873,7.89224910736084,HB1903,R2116,0.02856363914906978,-6.1649370193481445,193.51756286621097,1,5.156523457117146e-7,-9.403409535480024e-7,353.1242980957031
218502,34.28982162475586,7.911001205444336,0.00627980148419737,2872,7.890309333801269,HB1903,R2116,0.38527292013168335,-7.055240154266357,192.68463134765625,1,1.408258958690567e-5,-3.0498047181026777e-6,100.16939544677734
218504,34.31916427612305,7.951839447021484,0.02758482284843921,5845,7.892924308776856,HB1903,R2116,0.31115299463272095,-4.434210300445557,193.7068634033203,1,1.1870507478306536e-5,-3.801757884502877e-6,285.1820068359375
219209,34.2498779296875,7.883477687835693,0.00854560732841491,317,7.877026081085205,1407Auster,6,0.2165934443473816,-22.79689598083496,188.4425811767578,1,4.107421773369424e-6,-1.916992232509074e-6,326.39776611328125
219210,34.25223159790039,7.884456157684326,0.00853796489536762,412,7.877166748046875,1407Auster,6,0.1293131709098816,-22.782699584960938,188.48190307617188,1,4.42154941993067e-6,-1.0625000186337274e-06,356.6758117675781
219231,34.31734848022461,7.949316024780273,0.0262695737183094,8040,7.892313480377197,HB1903,R2116,0.20274999737739563,-3.936377048492432,193.38674926757813,1,1.9726557809462977e-7,-7.822266070434125e-7,262.0405578613281
219232,34.32011795043945,7.953205585479736,0.02832887321710586,5043,7.893575668334961,HB1903,R2116,0.2177928239107132,-2.548240423202514,193.8822021484375,1,7.001953008511919e-7,-1.6875000028448994e-6,288.40289306640625
219936,34.248321533203125,7.881646156311035,0.00825414806604385,726,7.876428127288818,1407Auster,18,0.1315029412508011,-23.377714157104492,188.23577880859375,1,1.705078148006578e-6,5.566402805357029e-8,316.1777648925781
221389,34.24127197265625,7.87123441696167,0.00640533864498138,129,7.875186920166016,1407Auster,19,0.15283633768558502,-24.564403533935547,187.82630920410156,1,9.277343906433088e-7,-1.4501953273793331e-6,106.57989501953124
222118,34.24123764038086,7.871182441711426,0.00639608316123485,96,7.874626636505127,HB1903,R2114,0.1569056510925293,-25.091493606567383,187.5563812255859,1,-3.339843601679604e-7,-4.4042965896551323e-7,87.108642578125
222845,34.24123764038086,7.871182441711426,0.00639608316123485,4545,7.873963832855225,HB1903,R2114,0.3147967755794525,-25.668691635131836,187.27381896972656,1,4.324218934925739e-6,-1.607421836524736e-6,75.579315185546875
223571,34.24123764038086,7.871182441711426,0.00639608316123485,4136,7.873324394226074,HB1903,8,0.22233109176158905,-26.281801223754883,187.0150604248047,1,3.072265599257662e-6,-1.2285156572033884e-6,321.002197265625
223572,34.24123764038086,7.871182441711426,0.00639608316123485,16169,7.873301029205322,HB1903,8,0.3582897186279297,-26.24588966369629,186.99127197265625,1,2.4423827653663466e-6,-5.6640590884171615e-8,73.6593017578125
225025,34.224544525146484,7.86455774307251,0.00619769096374511,42,7.872040271759033,1307Auster,4,0.7170133590698242,-27.443435668945313,186.45790100097656,1,7.69335929362569e-6,-4.286132934794296e-6,343.6071472167969
225027,34.23701477050781,7.869507312774658,0.00634591793641448,189,7.871917724609375,1307Auster,12,0.7602692246437073,-27.357139587402344,186.39346313476565,1,1.3271484249344212e-6,-1.050781293088221e-6,86.7218246459961
225749,34.22026824951172,7.862860679626465,0.00614687614142894,52,7.871654510498047,1307Auster,14,0.2930763363838196,-27.17226219177246,186.2864532470703,1,-7.714843519579517e-8,-4.362304935057182e-6,327.6648864746094
225750,34.22026824951172,7.862860679626465,0.00614687614142894,4000,7.871569156646728,1307Auster,R2013,0.6881480813026428,-27.13017845153809,186.2507476806641,1,1.3261718549983923e-6,-6.093750016589183e-6,322.0633850097656
225751,34.22026824951172,7.862860679626465,0.00614687614142894,3475,7.87148380279541,1307Auster,11,0.6652514934539795,-27.08809471130371,186.2150421142578,1,9.626953215047251e-6,-6.057617156329798e-6,322.0330505371094
225752,34.220306396484375,7.862875461578369,0.0061473143287003,388,7.871398448944092,1407Auster,1,0.6954690217971802,-27.046010971069336,186.1793212890625,1,1.1350585737091023e-5,-4.632812306226697e-6,76.88386535644531
225753,34.221012115478516,7.863155841827393,0.00615571020171046,90,7.871313095092773,1307Auster,7,0.8740549683570862,-27.00392723083496,186.14361572265625,1,1.0388672308181413e-5,-3.9941403429111233e-7,102.11347198486328
225754,34.223060607910156,7.863437175750732,0.00620260881260037,73,7.871235847473144,1307Auster,15,0.8227059841156006,-26.961843490600582,186.10739135742188,1,6.249999984220267e-8,-4.185546913504368e-6,96.17215728759766
226476,34.22026824951172,7.862860679626465,0.00614687614142894,34,7.871074676513672,1307Auster,14,0.4112007319927216,-25.77935028076172,186.0197906494141,1,7.998046953616722e-7,-2.5039062165888022e-6,312.89752197265625
226477,34.22026824951172,7.862860679626465,0.00614687614142894,11205,7.870968341827393,HB1702,R2013,0.6640416979789734,-25.74301528930664,185.9801025390625,1,4.959961188433226e-6,2.978515567519935e-6,304.9903869628906
226479,34.219451904296875,7.862164497375488,0.00615298841148614,23,7.87075662612915,1307Auster,3,0.5590320229530334,-25.670345306396484,185.90074157714844,1,-3.6367187021824066e-6,-4.7324219849542715e-6,115.66294860839844
227203,34.219459533691406,7.862171173095703,0.00615292880684137,3422,7.870503425598144,HB1702,R2013,0.2856513559818268,-24.386438369750977,185.75099182128903,1,-1.6767578472354217e-06,9.736328365761435e-7,306.78607177734375
227204,34.21633529663086,7.85950231552124,0.00617636227980256,3468,7.870384693145752,HB1702,R2013,0.41001248359680176,-24.355852127075195,185.70989990234375,1,5.262695140118012e-6,-2.197265530412551e-6,261.91741943359375
227226,34.26584243774414,7.902500152587891,0.03202328085899353,3945,7.883996486663818,HB1402,R1710,0.589333713054657,-1.846818447113037,189.3159942626953,0.394743412733078,5.865234470547875e-6,-3.168945340803475e-6,249.79486083984375
227934,34.20665740966797,7.851234436035156,0.00624894676730036,822,7.869660377502441,1307Auster,10,0.7760078310966492,-22.894174575805664,185.3609161376953,1,8.406250344705768e-6,-3.007812097166607e-7,56.38008499145508
227955,34.282955169677734,7.93064546585083,0.05821910127997398,5088,7.886655330657959,HB1402,R1710,0.8554067015647888,2.698637008666992,190.3069000244141,0.3593776226043701,-2.875976633731625e-6,1.7226562931682563e-6,242.4134979248047
228660,34.20665740966797,7.851234436035156,0.00624894676730036,19,7.869375705718994,1307Auster,2,0.2496383637189865,-21.543346405029297,185.15525817871097,1,3.767578164115548e-6,3.828124874871719e-7,88.564666748046875
228661,34.20665740966797,7.851234436035156,0.00624894676730036,250,7.869343280792236,1407Auster,3,0.5416232943534851,-21.52425765991211,185.145263671875,1,7.825195098121185e-6,5.195312269279384e-7,92.20209503173828
228678,34.279884338378906,7.926738739013672,0.05914967507123947,823,7.881511211395264,1407Auster,17,0.3416653275489807,-3.9528656005859375,188.2923126220703,0.4372505843639374,-7.216796689135663e-7,3.9062513224052964e-8,251.2065887451172
230179,34.44346618652344,8.243684768676758,0.04714848846197128,4835,7.936789512634277,HB1402,R1707,0.8911377787590027,-12.410004615783691,209.3406524658203,0.5070704221725464,2.5150391593342647e-5,-9.928710824169684e-6,58.51425552368164
230839,34.18596649169922,7.841161727905273,0.00816988479346036,702,7.868053913116455,1407Auster,2,0.4149892330169678,-17.42003631591797,184.3740234375,1,1.264355432795128e-5,-1.7158203036160558e-6,144.38778686523438
231566,34.18403625488281,7.8402204513549805,0.00834936369210481,183,7.867591857910156,1407Auster,2,0.35784363746643066,-16.032873153686523,184.10696411132813,1,3.400390596652869e-6,-1.5693359500801307e-6,151.54222106933594
231567,34.184207916259766,7.840303897857666,0.00833342596888542,288,7.867752552032471,1407Auster,2,0.37489840388298035,-16.03677749633789,184.16552734375,1,2.459961024214863e-6,-2.1035157260484993e-6,126.5822525024414
231584,34.256595611572266,7.910670757293701,0.05206659808754921,5277,7.878873825073242,HB1402,R1709,0.7154637575149536,-3.737213373184204,187.2001190185547,0.4935823082923889,1.3196288819017354e-5,-5.447265721159056e-6,309.579345703125
231627,34.4567985534668,8.24418830871582,0.05535713210701942,1974,7.930270671844482,HB1402,R1708,0.38213300704956055,-9.225595474243164,206.4440155029297,0.5666993260383606,-4.326171847424121e-7,-2.402344136953616e-7,275.800048828125
232310,34.255611419677734,7.9099812507629395,0.05175200849771499,1713,7.87746524810791,HB1402,R1709,0.3149982690811157,-4.363497734069824,186.68243408203125,0.5236096978187561,1.8886719317379177e-6,-2.4814453354338184e-6,261.649658203125
232311,34.255615234375,7.909984111785889,0.05175338312983513,2607,7.878847599029541,HB1402,R1709,0.5550064444541931,-2.7660257816314697,187.15817260742188,0.49620577692985535,1.097949188988423e-5,-9.638672054279596e-6,225.3957672119141
232354,34.45916748046875,8.252131462097168,0.04931319877505302,3448,7.93048095703125,HB1402,R1708,0.31133437156677246,-8.18256950378418,206.3032989501953,0.5525649785995483,5.69335952604888e-7,2.5390625069121597e-7,270.8199462890625
292662,34.74917221069336,8.18205738067627,0.00854601897299289,154,7.96210241317749,1507Auster,18,1.5191881656646729,-12.647074699401855,212.7104034423828,0.5769389867782593,1.4261719115893357e-5,-1.9736327885766514e-5,137.29832458496094
293385,34.736297607421875,8.184532165527344,0.01043041888624429,740,7.958045482635498,1507Auster,16,1.487913727760315,-9.835573196411133,211.37351989746097,0.5755077004432678,9.619140655559022e-6,1.7513671991764568e-5,119.66598510742188
296279,34.679351806640625,8.15845012664795,0.02071669697761535,150,7.943431854248047,1507Auster,14,1.1035616397857666,5.443979740142822,207.75558471679688,0,7.379882845270913e-6,-9.80761706159683e-6,329.8609924316406
296288,34.72367477416992,8.163145065307617,0.02393814921379089,622,7.952118873596191,1507Auster,15,1.480987548828125,-10.15898609161377,209.7801971435547,0.3001547157764435,2.7580077585298568e-5,-1.182616983896878e-6,108.49908447265624
297007,34.6842041015625,8.158073425292969,0.02101883850991726,89,7.944012641906738,1507Auster,14,1.000072360038757,3.5987086296081543,207.9226226806641,0,4.1152343328576535e-6,4.852538950217422e-6,357.4779357910156
318858,34.50099563598633,8.02800464630127,0.06046410650014877,157,7.961810111999512,1507Auster,12,0.6750391125679016,3.3833649158477783,220.13040161132813,0,-2.739257979555987e-6,-1.6777344171714503e-6,348.2129821777344
319588,34.309120178222656,8.066367149353027,0.04086195304989815,45,7.965760231018066,1507Auster,13,0.4798036813735962,8.860862731933594,228.88609313964844,0,2.9062500743748387e-6,4.248047105193109e-7,354.7837829589844
321189,34.93720245361328,5.671649932861328,0.04197090491652489,432,8.005962371826172,R2111-R2118,R2118,9.459759712219238,71.67237091064453,203.59359741210935,0,-4.2077146645169705e-5,3.159863263135776e-5,154.24847412109375
324091,34.944698333740234,5.757832050323486,0.0220244713127613,315,8.017865180969238,R2111-R2118,R2117,7.11158561706543,78.30335998535156,198.2367401123047,0,-1.7392578683939064e-6,8.447265145150595e-7,175.1807403564453
324092,34.94536209106445,5.580362319946289,0.0248146578669548,99,8.013862609863281,R2111-R2118,R2117,7.643476009368896,66.39619445800781,200.0596618652344,0,-4.151367193117039e-6,1.0996093806170393e-5,169.67120361328125
324819,34.94666290283203,5.2312188148498535,0.03030388988554477,218,8.009541511535645,R2111-R2118,R2117,8.442008972167969,53.84288787841797,201.3938140869141,0,-1.127539053413784e-5,1.822265585360583e-5,165.44264221191406
325544,34.945831298828125,5.45405387878418,0.0268004797399044,36,8.011112213134766,R2111-R2118,R2117,6.002492427825928,68.023651123046875,197.66815185546875,0,-3.0305664040497504e-5,-2.7320313165546395e-5,161.65211486816406
325545,34.946754455566406,5.207144260406494,0.03068239241838455,267,8.008090019226074,R2111-R2118,R2117,5.818758010864258,54.6566162109375,200.1340789794922,0,1.815625000745058e-5,-1.8095703126164153e-5,167.60708618164065
325546,34.94694519042969,5.15565299987793,0.03149193525314331,322,8.005220413208008,R2111-R2118,R2117,7.641355514526367,41.28957748413086,202.7279510498047,0,-1.1122069736302365e-5,6.7812502493325155e-6,154.30628967285156
332825,34.92197799682617,3.9493136405944824,0.02894854731857776,18308,7.990015029907227,EX1905L2,EX1905L204,4.130721569061279,-141.39468383789065,245.4747314453125,0.7057026624679565,3.154589649057016e-5,-1.978320324269589e-5,151.9445037841797
333552,34.92180633544922,3.9441816806793217,0.02931294217705726,2801,7.990015983581543,EX1905L2,EX1905L204,3.5489890575408936,-143.33790588378906,246.85194396972656,0.6903397440910339,-1.1347656254656613e-6,-9.50195328641712e-7,158.762939453125
340796,34.98112487792969,6.523017406463623,0.05952763557434082,237,8.03332233428955,R2111-R2118,R2113,8.013249397277832,117.19889068603516,197.45547485351565,0,1.201562463393202e-5,-1.174609406007221e-5,186.2364959716797
340797,34.97943115234375,6.244479179382324,0.05134636536240578,315,8.029468536376953,R2111-R2118,R2113,9.34808349609375,96.41429901123048,195.1241149902344,0,4.4166990846861154e-5,-2.079492151096929e-5,168.73876953125
340798,34.97598648071289,6.023927688598633,0.04148324579000473,177,8.025504112243652,R2111-R2118,R2113,7.880810737609863,75.62969970703125,193.25279235839844,0,3.932226536562666e-5,-3.827246109722182e-5,150.75897216796875
341525,34.97481155395508,5.989995002746582,0.03866041824221611,301,8.0239715576171875,R2111-R2118,R2113,6.604457378387451,74.20682525634766,193.3933258056641,0,-2.0952147679054175e-5,-6.009764547343366e-6,165.02896118164065
342252,34.97178649902344,5.907505035400391,0.03155134245753288,133,8.022439002990723,R2111-R2118,R2113,8.322332382202148,73.97847747802734,193.5338592529297,0,1.534667899250053e-5,1.8238280972582288e-5,165.02853393554688
342253,34.96696853637695,5.672366619110107,0.0293486937880516,109,8.017963409423828,R2111-R2118,R2113,8.565736770629883,51.21555709838867,194.74713134765625,0,-1.8964843548019417e-5,-2.5726561943884008e-5,166.9055633544922
364773,34.949989318847656,7.107069969177246,0.04426648467779159,4325,8.038058280944824,Bigelow2017,R2012,6.060075759887695,236.59429931640625,201.40606689453125,0.48744630813598633,1.2316406355239453e-5,5.0556642236188054e-5,155.42857360839844
365499,34.92234802246094,7.617705821990967,0.05679524317383766,1412,8.044007301330566,Bigelow2017,R2012,13.786270141601564,229.05999755859375,201.7727813720703,0.2853388786315918,-1.5616699238307774e-4,-5.358398630050942e-5,210.3909912109375
365500,34.953243255615234,6.968417167663574,0.03889944776892662,4432,8.03761100769043,Bigelow2017,R2012,13.709863662719728,222.989013671875,200.5627899169922,0.4868512749671936,5.110058555146679e-5,2.0794433658011255e-4,150.8686981201172
365501,34.96343994140625,6.641507148742676,0.02874522097408771,5880,8.031214714050293,Bigelow2017,R2012,19.89957618713379,216.9180145263672,199.352783203125,0.5133242607116699,1.177441572508542e-5,-5.190432148083346e-6,139.9446563720703
384381,34.93308639526367,8.001593589782715,0.07246387749910355,348,8.055956840515137,R2111-R2118,R2111,9.201312065124512,390.2330932617187,220.65830993652344,0,8.002925824257545e-6,5.30478500877507e-5,226.8173065185547
385106,34.9399299621582,7.806227684020996,0.05218356102705002,98,8.053363800048828,R2111-R2118,R2111,10.874428749084473,377.9474182128906,223.6692657470703,0.02111553400754928,2.487695383024402e-5,-3.8466798287117854e-5,110.08838653564452
385107,34.94184494018555,7.784337043762207,0.05479708686470985,365,8.05461311340332,R2111-R2118,R2111,11.107083320617676,386.2579956054687,220.6259765625,0.00535569433122873,6.411134563677479e-6,-2.4062471766228555e-6,220.81765747070313
385108,34.93885040283203,7.80642032623291,0.06231081485748291,14,8.055769920349121,R2111-R2118,R2111,11.647557258605955,394.568603515625,217.59906005859375,0,-7.741308945696801e-5,5.3207029850455e-5,230.03512573242188
385835,34.95232391357422,7.228265285491943,0.03539571538567543,4425,8.055582046508789,HB1402,R1701,14.844244956970217,384.71685791015625,214.5398101806641,2.294643255517769e-14,8.086816524155438e-5,-5.0684571760939434e-5,228.30068969726565
385839,34.959659576416016,7.141458034515381,0.04939235746860504,3054,8.049298286437988,Bigelow2017,R2009,16.56696128845215,412.6951599121094,204.87583923339844,0,-5.714551080018282e-4,2.623320324346423e-4,148.0881805419922
385844,34.96529769897461,5.984144687652588,0.05231986939907074,148,8.03381061553955,R2111-R2118,R2112,11.973142623901367,326.81683349609375,197.4123077392578,0,-1.1816504411399364e-4,6.631835276493803e-6,185.1620330810547
386561,34.952369689941406,7.360531330108643,0.02854812145233154,5452,8.055009841918945,HB1402,R1701,5.212799549102783,355.86114501953125,214.8776397705078,0.3100929260253906,-6.656445475528017e-5,3.164257941534743e-5,109.80841827392578
386562,34.95766830444336,6.863979816436768,0.0268936064094305,2820,8.055395126342773,HB1402,R1701,12.89793586730957,360.6778259277344,211.4805450439453,2.112389717355903e-13,-2.0220995065756145e-4,-1.1830566654680295e-4,207.97491455078125
386566,34.962677001953125,6.553980827331543,0.04009891301393509,8522,8.04758358001709,Bigelow2017,R2009,19.364625930786133,379.9446105957031,202.60511779785156,0,4.129297303734347e-5,1.9970117136836052e-4,155.2918701171875
386571,34.962032318115234,5.584563732147217,0.0568033829331398,266,8.0306549072265625,R2111-R2118,R2112,13.284890174865724,295.70147705078125,196.68798828125,0,-1.3236327504273504e-4,-2.3916014470160007e-5,186.45120239257813
387289,34.9579963684082,6.816235542297363,0.02669215388596058,1850,8.055208206176758,HB1402,R1701,19.565004348754883,336.6388244628906,208.42129516601565,0.1799706220626831,-1.5830273332539946e-4,-1.8522460595704615e-4,156.5812530517578
387298,34.96129608154297,5.525140762329102,0.05903857573866844,315,8.02750015258789,R2111-R2118,R2112,14.099170684814451,264.58612060546875,195.9636688232422,0,-2.2754884412279353e-5,-8.462988625979051e-5,178.49652099609375
388025,34.95549011230469,5.110312461853027,0.07825808972120285,290,8.024298667907715,R2111-R2118,R2112,15.699156761169434,233.47076416015625,195.57833862304688,0,-1.1373437155270948e-4,-3.0993163818493485e-5,162.44500732421875
390930,34.944087982177734,4.499161243438721,0.08980496972799301,3131,8.018577575683594,HB1402,R1702,17.083093643188477,162.20042419433594,201.51483154296875,0.4981681704521179,1.629209000384435e-4,5.940429764450528e-5,38.60770034790039
390931,34.9410514831543,4.372260093688965,0.0866980105638504,1959,8.015752792358398,HB1402,R1702,21.78948974609375,144.47006225585938,202.6968536376953,0.4981355369091034,-5.5362303100991994e-5,3.587890387279913e-5,54.64138412475586
392370,34.94087219238281,7.881269454956055,0.04477814584970474,10067,8.061222076416016,Bigelow2017,R2010,10.390334129333496,269.2163391113281,216.11033630371097,0,-2.8116213798057288e-5,-9.982812480302528e-5,163.83700561523438
392374,34.96197509765625,6.058123588562012,0.03140799701213837,9603,8.050742149353027,Bigelow2017,R2011,7.030231475830078,218.79103088378903,209.72613525390625,9.761913679540156e-4,4.671093847719021e-5,5.171972588868812e-5,130.2144775390625
392387,34.932037353515625,4.077792167663574,0.05553923547267914,2926,8.002279281616211,HB1402,R1702,16.169601440429688,46.778621673583984,213.71401977539065,0.4972610473632813,-4.746090098706191e-7,2.0538085664156824e-4,75.17010498046875
392388,34.93065643310547,4.046228408813477,0.05729885026812553,2189,8.000299453735352,HB1402,R1702,16.22914695739746,31.849393844604492,216.87908935546875,0.4974352717399597,2.715234768402297e-5,2.633398398756981e-4,54.32670211791992
392389,34.92775344848633,3.9617512226104736,0.05021916329860687,500,7.998320579528809,HB1402,R1702,19.46761131286621,16.920166015625,220.0441741943359,0.4907977283000946,2.451269538141787e-4,1.0995116099365989e-5,73.29090118408203
393097,34.950050354003906,7.610844612121582,0.03738390654325485,4922,8.061914443969727,Bigelow2017,R2010,5.932586669921875,262.600341796875,214.09681701660156,0,2.8252929041627795e-5,-1.624384749447927e-4,108.38964080810548
393114,34.928688049316406,3.966355085372925,0.05138229951262474,386,7.998580455780029,HB1402,R1702,14.878043174743652,15.663264274597168,216.99075317382813,0.49685603380203247,-1.488564448663965e-4,-1.0373437544330956e-4,138.98391723632813
393116,34.924415588378906,3.858390092849731,0.06426260620355606,3302,7.9956793785095215,HB1402,R1702,18.032398223876953,-11.394057273864746,224.2178649902344,0.4972984492778778,-7.71972700022161e-5,8.307226380566135e-5,112.22183227539064
393843,34.920806884765625,3.744433641433716,0.08089517056941986,1024,7.993513107299805,HB1402,R1702,18.86989402770996,-39.70827865600586,227.9468536376953,0.49702924489974976,-4.8436526412842795e-5,1.9889062969014049e-4,130.8583221435547
393844,34.919525146484375,3.7112033367156982,0.08240781724452972,1203,7.992507457733154,HB1402,R1702,20.867778778076172,-51.83637237548828,231.86184692382813,0.49726682901382446,7.667578029213473e-5,-1.05824219645001e-4,123.41332244873048
394571,34.91648483276367,3.622922658920288,0.07630667835474014,2224,7.991857051849365,HB1402,R1702,20.25739097595215,-78.750030517578125,234.27188110351565,0.49706602096557617,-1.1410546721890567e-4,-2.142275479855016e-4,116.75701141357422
395282,34.96183776855469,5.5710129737854,0.03355108201503754,2266,8.03968334197998,Bigelow2017,R2011,17.206214904785156,157.48101806640625,205.39590454101565,0,7.697656110394746e-5,-3.6949215427739546e-5,81.97528839111328
395298,34.91165542602539,3.473003625869751,0.05308764800429344,5819,7.991474628448486,HB1402,R1702,22.53853416442871,-105.66368103027344,236.27877807617188,0.49690303206443787,-5.000097007723525e-5,-6.452050729421899e-5,102.18172454833984
408351,35.008609771728516,7.321038246154785,0.02649827674031257,3586,8.030301094055176,HB1402,R1698,17.240266799926758,223.4228973388672,199.4352264404297,0.6158846020698547,-3.711425597430207e-5,-1.7788085096981376e-4,155.37196350097656
408352,35.00406265258789,6.799709320068359,0.01979625597596168,2107,8.024476051330566,HB1402,R1698,16.965763092041016,212.14810180664065,198.0686187744141,0.6236432790756226,-1.5406640886794776e-4,2.2757811166229654e-5,185.7549743652344
409078,35.00571060180664,6.927708625793457,0.02325615659356117,1692,8.02819538116455,HB1402,R1698,15.46871852874756,212.05606079101565,198.48829650878903,0.637746274471283,1.4298828318715096e-4,-8.971679926617071e-5,112.78778076171876
409079,35.003936767578125,6.6766533851623535,0.02013733051717281,1433,8.0222806930542,HB1402,R1698,15.231729507446287,198.78160095214844,197.29136657714844,0.6442130208015442,1.516211159469094e-5,-2.223935443907976e-4,162.58099365234375
409808,34.98861312866211,5.747837066650391,0.0552663691341877,3792,8.008630752563477,HB1402,R1699,15.77091121673584,154.86688232421875,195.1151580810547,0.6531341075897217,9.830078852246515e-6,2.1155274225748144e-5,163.40135192871094
410535,34.98604965209961,5.571506977081299,0.05751295387744903,3051,8.006611824035645,HB1402,R1699,15.956938743591309,137.50108337402344,195.1925506591797,0.6517773866653442,-1.0168067092308776e-4,-1.2107324437238276e-4,94.0089874267578
410536,34.97746276855469,5.269796371459961,0.07499682158231735,888,8.003199577331543,HB1402,R1699,17.706073760986328,120.22731018066406,197.51480102539065,0.710663378238678,-3.995117367594503e-5,-2.155439433408901e-4,154.77197265625
413443,34.9913330078125,5.6055402755737305,0.055788055062294,5256,8.002740859985352,HB1402,R1697,15.493836402893066,68.037841796875,201.5396728515625,1,-1.5328516019508245e-4,7.450196335412329e-6,109.22240447998048
413449,34.945953369140625,4.287736892700195,0.0950239524245262,6509,7.989743232727051,HB1402,R1700,12.591062545776367,-53.40719223022461,228.3251953125,1,-9.167578537017108e-5,-1.261162105947733e-4,82.32386016845703
414895,35.01130294799805,6.168085098266602,0.04366724193096161,24465,8.00777530670166,HB1903,R2110,15.039159774780272,92.78665924072266,202.84292602539065,1,-6.337893978525244e-7,-2.4629884137539193e-5,116.35491943359376
414896,35.00027847290039,5.833034992218018,0.05221321433782577,5685,8.004145622253418,HB1903,R2110,14.08254337310791,64.580291748046875,203.3727874755859,1,3.4900389437098056e-5,-7.951074076117948e-5,123.07615661621094
422883,35.02068328857422,6.1208696365356445,0.03812713176012039,23674,8.00739860534668,EX1905L2,EX1905L205,13.046345710754396,207.25393676757813,207.8722381591797,1,-1.5968749721650966e-5,5.820317596771929e-7,101.90038299560548
425787,35.00931167602539,5.734622955322266,0.0276817362755537,4768,8.00739860534668,HB1702,R2008,14.658080101013184,261.52996826171875,211.4982452392578,0.9968541860580444,-6.635351746808738e-5,-1.7408789426553994e-4,155.2952117919922
425788,35.00238037109375,5.564792633056641,0.0341484360396862,8627,8.004339218139648,HB1702,R2008,18.05482292175293,235.2891387939453,213.63735961914065,1,2.564648457337171e-5,9.505468187853694e-5,215.2623748779297
426515,34.98731231689453,5.194494247436523,0.05003164708614349,3509,8.000844955444336,HB1702,R2008,18.70148468017578,222.2242126464844,216.16848754882813,1,-4.657031240640208e-5,-1.734902325551957e-4,199.51478576660156
427242,34.967315673828125,4.702241897583008,0.07448531687259674,16028,7.998157978057861,EX1905L2,EX1905L206,13.00426197052002,209.1592712402344,218.75973510742188,1,-1.0453124559717251e-4,-1.1083984281867744e-4,178.75096130371094
432328,34.95513916015625,4.401139259338379,0.07521035522222519,2314,7.991573333740234,HB1903,R2109,13.64517879486084,141.59619140625,226.8458709716797,1,6.465917977038771e-5,1.5037109733384568e-5,162.5166473388672
433054,34.94894790649414,4.256010055541992,0.08850659430027008,13097,7.990813255310059,HB1903,R2109,17.049854278564453,131.39492797851565,225.99212646484375,1,-6.17265613982454e-5,2.1147461666259915e-5,134.6073455810547
433055,34.95030975341797,4.289124965667725,0.08474784344434738,12960,7.990415573120117,HB1903,R2109,13.037784576416016,118.8327178955078,229.50648498535156,1,-7.855370495235547e-5,-9.319140372099356e-5,162.1909637451172
436684,34.96942901611328,4.67714786529541,0.08311919122934341,10803,7.990959167480469,HB1402,R1696,21.74601936340332,111.74347686767578,226.3441162109375,1,-4.0228514990303665e-5,2.4721679437789135e-5,150.93809509277344
446119,35.01817321777344,5.559576988220215,0.03223754093050957,6259,7.9984130859375,HB1702,R2006,14.999719619750977,236.2947540283203,218.17233276367188,0.5230121612548828,-6.568554817931727e-5,1.5185546544671524e-5,139.36363220214844
446120,34.993228912353516,5.073517799377441,0.04493274912238121,19894,7.996639728546143,HB1702,R2006,14.879487037658691,231.13748168945313,220.50596618652344,0.5391587615013123,-5.251171751297079e-5,-2.428808693366591e-5,140.65362548828125
448288,35.00233840942383,5.181389331817627,0.09517873823642732,3549,8.011162757873535,HB1302,TC14,11.859355926513672,247.9024200439453,198.26730346679688,0.4714112281799317,4.791015453520231e-5,3.282128818682395e-5,210.2981414794922
449015,34.99469757080078,5.037191867828369,0.14386972784996033,9764,8.00704574584961,HB1302,TC14,13.72728157043457,231.14259338378903,198.09835815429688,0.4998160302639008,-5.990233148622792e-6,1.6122070519486442e-5,207.3976898193359
449742,34.99066162109375,4.9588623046875,0.14940138161182404,5657,8.0043363571167,HB1302,TC14,14.741305351257324,214.38278198242188,199.51577758789065,0.5281581282615662,-1.3231445336714389e-5,-2.523056755308062e-4,188.5909423828125
450468,35.00163269042969,5.148425579071045,0.11510686576366425,5074,8.004679679870605,HB1302,TC15,15.372549057006836,208.35861206054688,200.2901153564453,0.5585114359855652,2.2210935640032403e-5,-6.120214675320312e-5,57.54280090332031
450469,34.9891357421875,4.926810264587402,0.1252683699131012,4577,8.00244426727295,HB1302,TC15,13.932157516479492,197.62295532226565,201.8536071777344,0.5560631155967712,-4.113378963666037e-5,-8.250390965258703e-5,78.801300048828125
451195,35.0041389465332,5.185924053192139,0.10160643607378006,1971,8.002591133117676,HB1302,TC15,14.375020027160645,192.5285186767578,202.5203399658203,0.5864489078521729,1.1065136641263962e-4,1.1789648124249652e-4,61.88021469116211
451199,34.972476959228516,4.62780237197876,0.09249941259622574,6129,7.99555778503418,HB1302,TC16,14.726354598999023,145.866943359375,210.13816833496097,0.5665668249130249,1.395927683915943e-4,2.4857421522028744e-5,166.43093872070313
451925,34.97651672363281,4.689787864685059,0.1186099573969841,5300,7.995254516601563,HB1302,TC24,15.40214729309082,138.9130401611328,210.29364013671875,0.594683825969696,-4.51630876341369e-5,-4.800781243829988e-5,71.349456787109375
451926,34.971649169921875,4.6053690910339355,0.1084834635257721,11081,7.994284629821777,HB1302,TC16,16.769332885742188,126.3179168701172,212.6664581298828,0.5868780016899109,-1.7853515601018444e-5,-9.961425530491395e-5,113.01593780517578
452652,34.97601318359375,4.673837184906006,0.1221841126680374,2262,7.993775367736816,HB1302,TC17,15.292858123779297,120.29375457763672,212.833984375,0.6146491765975952,7.203905988717452e-5,5.8598634495865554e-5,79.49028015136719
452653,34.97053909301758,4.578152656555176,0.1032763123512268,12554,7.993011474609375,HB1302,TC17,19.36941719055176,106.7688980102539,215.1947479248047,0.6051970720291138,1.4055956853553653e-4,-6.0488280723802745e-5,85.94007873535156
453376,35.00560760498047,5.189591884613037,0.05676485598087311,6418,7.996326446533203,HB1302,TC13,6.916533946990967,145.03823852539065,209.2110290527344,0.6588085293769836,2.1580077373073436e-5,9.27255823626183e-5,95.126373291015625
453380,34.969173431396484,4.544878005981445,0.0916539579629898,699,7.9917378425598145,HB1302,TC19,16.200326919555664,87.2198715209961,217.72305297851565,0.6209750175476074,5.025195423513651e-5,-5.529589543584734e-5,91.5851821899414
453383,34.95502471923828,4.284409046173096,0.06024471297860145,6650,7.990491390228272,HB1302,TC18,18.665904998779297,43.8560905456543,224.93006896972656,0.5900910496711731,1.438261679140851e-4,-7.060547068249434e-5,196.84832763671875
454102,35.01295471191406,5.322243690490723,0.04807952046394348,8038,7.995466709136963,HB1302,TC13,7.142601013183594,144.5924835205078,209.3057556152344,0.6797237992286682,-7.395409920718521e-5,8.874023478711024e-5,140.8029327392578
454103,35.0022087097168,5.127836227416992,0.05796372517943382,2522,7.994245529174805,HB1302,TC13,7.4392008781433105,129.20814514160156,211.44467163085935,0.675523042678833,1.952246020664461e-5,5.6367189245065674e-5,128.33053588867188
454107,34.96723175048828,4.502654552459717,0.08051132410764694,6670,7.990469455718994,HB1302,TC19,19.44721031188965,67.67084503173828,220.25259399414065,0.6335605382919312,-1.5719237853772938e-4,3.374024345248472e-6,95.77735900878906
454108,34.96098709106445,4.385075092315674,0.08516821265220642,2813,7.990259170532227,HB1302,TC19,13.232402801513672,52.286521911621094,222.6213836669922,0.6219096779823303,1.4955566439311951e-4,-2.4933591703302227e-5,103.18035888671876
454109,34.958065032958984,4.329820156097412,0.08311498165130615,1038,7.990048408508301,HB1302,TC18,11.397124290466309,36.90219497680664,224.9901885986328,0.6106979846954346,-5.6422853958792984e-5,-5.0142578402301297e-5,144.9498291015625
454110,34.95096969604492,4.19481086730957,0.0717921182513237,9971,7.989838123321533,HB1302,TC18,12.614212989807127,21.517868041992188,227.35899353027344,0.6001036763191223,-4.575097773340531e-5,-6.440917786676437e-5,198.6990203857422
454835,34.958229064941406,4.322996616363525,0.07345608621835709,4256,7.989406108856201,HB1302,TC19,13.217985153198242,31.807764053344727,225.1637420654297,0.6306030750274658,-1.954004073922988e-5,-1.2370117474347353e-4,99.54652404785156
454836,34.95330810546875,4.228014945983887,0.07743731141090393,11200,7.989336013793945,HB1302,TC18,11.329182624816896,15.493703842163086,227.4734039306641,0.618950366973877,-7.027539686532691e-5,-5.744531154050492e-5,114.45094299316406
454837,34.947261810302734,4.11038064956665,0.07236778736114502,525,7.989266395568848,HB1302,TC18,10.366019248962402,-0.8203559517860413,229.7830810546875,0.6078871488571167,1.696581966825761e-5,1.1289043868600857e-6,178.1667022705078
455564,34.942935943603516,4.017158031463623,0.06224893778562546,8117,7.988894939422607,HB1302,TC18,9.681196212768556,-23.158578872680664,232.19532775878903,0.6135567426681519,-2.8974613996979315e-6,-8.822656673146412e-5,108.83018493652344
456284,34.977176666259766,4.671255588531494,0.08939899504184723,2215,7.991415023803711,HB1903,R2108,12.64688777923584,81.71788024902344,219.78271484375,0.6875660419464111,-5.3864259825786576e-5,1.0653319804987404e-5,136.61343383789065
456285,34.9780387878418,4.686366558074951,0.09343604743480682,3574,7.990622043609619,HB1903,R2108,12.852575302124023,63.54435348510742,221.98992919921875,0.682227611541748,-1.2552732187032234e-5,1.6352343664038926e-4,140.29193115234375
457012,34.963829040527344,4.413148880004883,0.08309763669967651,10310,7.990260124206543,HB1903,R2108,17.326311111450195,46.78452682495117,224.97657775878903,0.6885098218917847,-1.61214848048985e-4,-7.367676153080538e-5,142.95050048828125
459908,34.97922134399414,4.7078471183776855,0.09270942211151124,4555,7.990617752075195,HB1302,TC20,19.27005958557129,174.16741943359375,216.83560180664065,0.9709614515304564,-1.754130789777264e-4,-8.036132931010798e-5,158.1859130859375
459909,34.97896194458008,4.696177959442139,0.09023439884185792,1046,7.990284442901611,HB1302,TC20,17.903406143188477,160.90858459472656,217.80111694335935,1,1.574609341332689e-4,1.5773827908560634e-4,151.2552490234375
460635,34.972633361816406,4.588858127593994,0.09581580758094788,7604,7.989673137664795,HB1302,TC21,15.803250312805176,150.53013610839844,219.98834228515625,0.9720170497894288,3.700488377944566e-5,-8.096679812297225e-5,103.70793151855467
465639,35.1063346862793,7.433330059051514,0.05780157074332237,2919,8.029707908630371,EX1905L2,EX1905L207,12.152337074279783,209.9605255126953,202.5847930908203,0.3512612581253052,2.1728516003349796e-5,-2.3543945280835032e-4,239.5232391357422
465640,35.120540618896484,7.935379028320312,0.07771000266075134,3919,8.029738426208496,EX1905L2,EX1905L207,17.75494384765625,212.90245056152344,202.3455352783203,0.2011861801147461,4.951367372996174e-5,1.4528418250847608e-4,277.1727294921875
465702,34.99739074707031,5.034442901611328,0.1438521295785904,8650,7.99484920501709,HB1302,TC7,17.227733612060547,153.58944702148438,207.96827697753903,0,1.1034667841158809e-4,-7.150488090701401e-5,227.0684814453125
466428,34.992427825927734,4.950224876403809,0.12809939682483673,5650,7.994649410247803,HB1302,TC8,17.12822723388672,138.79478454589844,208.9493103027344,0,4.890819764113985e-5,-2.789551035675686e-5,98.15422821044922
466429,34.98850631713867,4.875142574310303,0.10970117896795271,12750,7.993721961975098,HB1302,TC8,16.748647689819336,128.9747772216797,210.4689788818359,0,6.234863394638523e-5,-2.5363086024299264e-4,187.3846435546875
467155,34.98486328125,4.808045387268066,0.1033862978219986,7883,7.993812084197998,HB1302,TC8,13.256414413452148,115.3059310913086,211.70957946777344,0,-1.1646289203781636e-4,3.1762694561621174e-5,101.75079345703124
468612,34.96284103393555,4.4180827140808105,0.0708891972899437,5193,7.990898609161377,HB1302,TC9,21.296098709106445,28.735902786254883,220.8971710205078,0.02348212711513042,2.0269726519472897e-4,-7.906543032731861e-5,225.4528045654297
468613,34.96380615234375,4.4332380294799805,0.0807989314198494,565,7.990513324737549,HB1302,TC9,13.749944686889648,15.538460731506348,222.08151245117188,0.13194893300533295,4.6503887460858095e-6,3.745507638086565e-5,213.74224853515625
469339,34.95454788208008,4.274842739105225,0.06626776605844498,5869,7.99049186706543,HB1302,TC9,14.446215629577637,1.8696041107177737,223.39349365234375,0.30022621154785156,4.0656250348547474e-5,-1.7265039787162095e-4,203.43118286132813
470064,34.956298828125,4.309384346008301,0.06830252707004547,1322,7.990302085876465,HB1302,TC10,13.1635160446167,5.901448726654053,223.9015350341797,0.5033712387084961,7.287402695510536e-5,6.40429716440849e-5,87.97307586669922
470065,34.950592041015625,4.207432746887207,0.0913681909441948,5701,7.990193367004395,HB1302,TC10,15.202937126159668,-9.5476226806640625,224.8956756591797,0.5037493705749512,4.0198243368649855e-5,-1.7392578229191713e-5,88.78446960449219
470066,34.94773864746094,4.154897212982178,0.08846904337406158,2122,7.990084648132324,HB1302,TC10,10.471196174621582,-24.996694564819336,225.8898162841797,0.510448157787323,-4.238085966790095e-5,-1.9968164269812405e-4,140.83197021484375
470793,34.941646575927734,4.039667129516602,0.09179310500621796,2441,7.989677906036377,HB1302,TC10,10.372831344604492,-51.86299133300781,228.38612365722656,0.535335123538971,-4.428124884725548e-5,-1.403896458214149e-4,107.40591430664064
473702,34.91888427734375,3.5359601974487305,0.03729788959026337,7355,7.988997936248779,HB1302,TC11,8.783829689025879,-137.07110595703125,238.09024047851565,0.5551130175590515,-2.0488283553277142e-5,-2.0906249119434503e-4,106.10356903076172
473703,34.917213439941406,3.494596004486084,0.04423828795552254,9994,7.989007472991943,HB1302,TC12,13.072626113891602,-155.08413696289065,238.9397735595703,0.5344027876853943,-9.580761980032548e-5,-2.020312604145147e-5,238.77105712890625
473704,34.915184020996094,3.443697929382324,0.04896175488829613,3168,7.988941192626953,HB1302,TC12,11.675636291503906,-173.09716796875,239.85614013671875,0.5143929123878479,-5.836621130583808e-5,1.1068554886151104e-4,242.61477661132813
474430,34.91520309448242,3.446803569793701,0.04507576674222946,7981,7.9888129234313965,HB1302,TC12,10.243741989135742,-153.2685089111328,241.1016540527344,0.5273498892784119,-4.28203129558824e-5,-1.317099668085575e-4,244.09873962402344
475833,35.0041618347168,5.085008144378662,0.11262422055006029,375,7.995972633361816,HB1504,HB1504-TC4,15.217962265014648,170.84310913085938,205.5511016845703,0.0259924866259098,5.443652480607852e-5,-7.124609692255035e-5,185.65626525878903
477282,35.012359619140625,5.252604007720947,0.08286819607019424,202,7.99454402923584,HB1504,HB1504-TC7,15.17760944366455,123.6545639038086,208.8655548095703,1,-6.894532361911843e-6,-4.2659179598558694e-5,159.3707275390625
480167,35.04401779174805,5.765504837036133,0.05832530558109283,196,8.007189750671387,HB1504,HB1504-TC10,15.462851524353027,167.53955078125,196.8082275390625,0.998046875,3.092870974796824e-5,-1.744726614560932e-5,86.04505157470703
480894,35.0380859375,5.654440879821777,0.07506171613931656,419,8.005135536193848,HB1504,HB1504-TC10,15.026925086975098,154.87527465820313,197.50477600097656,0.9361628890037536,3.990625191363506e-5,1.6939453416853212e-5,84.87871551513672
482349,35.00846862792969,5.1402268409729,0.14447438716888428,707,7.99960470199585,HB1504,HB1504-TC11,17.204673767089844,117.5528564453125,200.97015380859375,0.47843846678733826,-4.7359375457745045e-5,-6.25517568551004e-5,92.15198516845705
482374,34.926944732666016,3.6934597492218018,0.06604719907045364,631,7.989578723907471,HB1504,HB1504-TC9,15.933526992797852,-125.35442352294922,233.34219360351565,1,2.904785105783958e-5,1.1618750431807712e-4,229.4029541015625
483787,35.0667610168457,6.20512056350708,0.05117039754986763,163,8.013700485229492,HB1504,HB1504-TC13,18.195720672607425,318.681640625,198.3907928466797,0.6008895635604858,1.7696386203169823e-4,4.485058525460772e-5,247.4852294921875
484514,35.044952392578125,5.793965816497803,0.083022840321064,442,8.011387825012207,HB1504,HB1504-TC13,19.492876052856445,323.2950439453125,198.8140411376953,0.5961288213729858,1.667577998887282e-5,-4.2600586311891675e-5,239.58731079101565
485261,34.967769622802734,4.482371807098389,0.09095019847154616,398,7.989561080932617,HB1504,HB1504-TC12,19.49187660217285,0.1528732031583786,222.1746063232422,0.4795713126659394,-6.068652146495879e-5,7.285058381967247e-5,228.70782470703125
486012,34.909019470214844,3.3379437923431396,0.07299384474754333,89,7.988166809082031,HB1504,HB1504-TC6,9.44653034210205,-301.9835205078125,243.7932281494141,1,-6.793945794925094e-5,-9.34706986299716e-5,84.4483413696289
486739,34.90861892700195,3.3259246349334717,0.06824301928281784,612,7.987903118133545,HB1504,HB1504-TC6,14.357277870178224,-335.45391845703125,245.8728179931641,1,3.205663961125538e-5,6.813964864704758e-5,62.85797119140625
489604,34.983150482177734,4.7325358390808105,0.11046936362981796,56,7.997204303741455,HB1504,HB1504-TC14,14.172191619873049,189.79901123046875,211.06072998046875,0.513191282749176,-8.220703603001311e-5,-7.990233825694304e-6,227.8588409423828
489605,34.98855209350586,4.819319725036621,0.1197694092988968,508,7.997481346130371,HB1504,HB1504-TC14,17.34678077697754,175.74766540527344,211.85150146484375,0.7289124131202698,1.7807615222409368e-5,1.8158201783080585e-5,239.1608734130859
491755,35.03255844116211,5.647583961486816,0.0872461125254631,315,8.002721786499023,HB1504,HB1504-TC1,16.630022048950195,224.76504516601565,196.4459228515625,0,4.40478470409289e-5,-7.358886796282604e-5,245.81967163085935
491772,35.00893020629883,5.156191349029541,0.09982150793075562,519,7.994467258453369,HB1504,HB1504-TC16,14.824118614196776,178.23635864257813,204.4644470214844,0.5177266597747803,-1.6330566722899675e-4,-1.2774804781656712e-4,118.23485565185548
491783,34.957515716552734,4.294755458831787,0.09019853174686432,500,7.991911888122559,HB1504,HB1504-TC15,15.197640419006348,97.026458740234375,221.23834228515625,0.47984275221824646,1.4091504272073507e-4,6.203418161021546e-5,123.43875885009766
492482,35.0162467956543,5.366113662719727,0.14566150307655334,296,8.00063705444336,HB1504,HB1504-TC2,16.48963165283203,190.25601196289065,196.0228271484375,6.204942819726693e-15,-1.1343261576257646e-4,-6.367190053424565e-6,259.2533874511719
493208,35.004859924316406,5.172065734863281,0.204583078622818,144,7.997975826263428,HB1504,HB1504-TC2,12.527229309082031,153.87806701660156,195.7215118408203,0.21197593212127688,-2.4018554540816694e-5,-1.1629882646957412e-4,240.9075164794922
493209,35.00696563720703,5.210241794586182,0.19487640261650083,42,7.998604774475098,HB1504,HB1504-TC2,17.173311233520508,155.7469940185547,195.9377899169922,0.03714187070727348,1.762890606187284e-4,7.695312524447218e-5,250.5348968505859
493218,35.0278205871582,5.511788845062256,0.09330324828624724,82,7.9893317222595215,HB1504,HB1504-TC19,11.259641647338867,158.5009307861328,214.3477020263672,0.4010894298553467,7.325194928853307e-6,8.820409857435152e-5,99.5076904296875
493228,34.971744537353516,4.493861675262451,0.1680128425359726,478,7.989541530609131,HB1504,HB1504-TC17,16.755828857421875,83.4141616821289,210.09078979492188,0.48934829235076904,-3.0795898055657744e-5,-8.793456800049171e-5,213.42230224609375
493955,34.95513153076172,4.232734203338623,0.0960361510515213,140,7.989083766937256,HB1504,HB1504-TC17,14.15820598602295,43.28983688354492,213.2548065185547,0.4820807278156281,-1.6236330338870175e-5,-1.376250002067536e-4,201.585205078125
494676,34.96559524536133,4.4595627784729,0.12264985591173172,367,7.992125034332275,HB1504,HB1504-TC20,17.705175399780273,49.54896545410156,213.18792724609375,0.49892979860305786,-2.7436524760560133e-5,-1.6341112495865673e-4,190.75271606445313
495403,34.95828628540039,4.347817897796631,0.1499212682247162,190,7.99163818359375,HB1504,HB1504-TC20,14.958992004394531,10.090340614318848,216.86209106445313,0.47878730297088623,-5.442285328172147e-5,-2.6543845888227224e-4,121.21517944335938
495404,34.95105743408203,4.213742733001709,0.14305362105369568,462,7.992000579833984,HB1504,HB1504-TC20,15.939173698425291,2.2488157749176025,216.5338134765625,0.49558645486831665,9.18173827813007e-5,-1.6891895211301744e-4,213.53663635253903
497695,34.89397430419922,2.808716297149658,0.05137350410223007,3110,7.980183124542236,EX1905L2,EX1905L210,6.666190147399902,254.3272247314453,266.92230224609375,0.4897492229938507,3.831054527836386e-6,-1.4064453353057615e-5,79.10383605957031
498301,34.94395065307617,4.175381183624268,0.0889490470290184,328,7.988644123077393,HB1504,HB1504-TC3,10.961297035217283,-92.35967254638672,226.98097229003903,0.509533166885376,1.4477539480139969e-5,-8.546387107344344e-5,233.9620056152344
506419,34.892578125,2.7343909740448,0.04974088817834854,5375,7.979529857635498,EX1905L2,EX1905L208,23.052227020263672,270.6859436035156,268.1964416503906,0.48383647203445435,8.913184137782082e-5,-6.552538980031386e-5,140.11949157714844
506420,34.89235305786133,2.728682518005371,0.04685387760400772,13725,7.979039192199707,EX1905L2,EX1905L208,20.392641067504883,285.2159423828125,268.4006652832031,0.4791589975357056,1.0224218567600474e-4,-9.2621092335321e-5,127.21398162841795
509866,34.968936920166016,4.436315059661865,0.06518572568893433,18662,7.9864912033081055,EX1905L2,EX1905L211,12.453323364257813,10.48213005065918,209.77984619140625,0.9649477601051332,1.806347609090153e-5,3.196874968125485e-5,215.8249969482422
510481,34.98048782348633,4.498226642608643,0.06066128611564636,7946,7.98585844039917,EX1905L2,EX1905L212,11.074495315551758,-11.75173568725586,219.81411743164065,1,4.510741746344138e-6,-6.95800827088533e-6,111.7867202758789
510878,34.89320373535156,2.247035503387451,0.05160765722393989,16697,7.939854621887207,EX1905L2,EX1905L209,24.72623062133789,49.80936813354492,278.0876770019531,0.5011613368988037,2.8906541410833597e-4,2.187793143093586e-5,122.44654083251952
511208,34.98019790649414,4.492615222930908,0.06026006117463112,14790,7.986447334289551,EX1905L2,EX1905L212,10.97592067718506,-36.30645751953125,222.2615966796875,1,9.91455090115778e-5,3.296386785223149e-5,132.447265625
